CREATE TABLE "Case" (
    type TEXT PRIMARY KEY,
    collision INT,
    hauteur INT,
    sortie INT,
    ouvrable INT
);

CREATE TABLE CasesViseesArme (
    arme TEXT REFERENCES Arme(nom),
    x INT,
    y INT,
    PRIMARY KEY (arme, x, y)
);

CREATE TABLE Arme (
    nom TEXT PRIMARY KEY,
    centre_x INT,
    centre_y INT,
    centree_joueur INT,
    puissance INT,
    duree FLOAT,
    attente FLOAT,
    vitesse INT,
    projectiles INT,
    invocation INT
);

CREATE TABLE MondeArme (
    arme TEXT REFERENCES Arme(nom),
    monde TEXT REFERENCES Monde(nom),
    PRIMARY KEY (arme, monde)
);

CREATE TABLE Projectile (
    arme TEXT REFERENCES Arme(nom),
    nom TEXT REFERENCES Arme(nom),
    vitesse INT,
    PRIMARY KEY (arme, nom)
);

CREATE TABLE EffetsArme (
    arme TEXT REFERENCES Arme(nom),
    nom TEXT,
    duree FLOAT,
    PRIMARY KEY (arme, nom)
);

CREATE TABLE Monde (
    nom TEXT PRIMARY KEY,
    sol_par_defaut TEXT REFERENCES "Case"(type),
    mur_par_defaut TEXT REFERENCES "Case"(type),
    sortie_par_defaut TEXT REFERENCES "Case"(type),
    coffre_par_defaut TEXT REFERENCES "Case"(type),
    fontaine_par_defaut TEXT REFERENCES "Case"(type),
    epee_rocher_par_defaut TEXT REFERENCES "Case"(type),
    enclume_par_defaut TEXT REFERENCES "Case"(type),
    mur_supplementaire_par_defaut TEXT REFERENCES "Case"(type)
);

CREATE TABLE VariationCase (
    type TEXT REFERENCES "Case"(type) PRIMARY KEY,
    nombre INT
);

CREATE TABLE ModificationCase (
    type TEXT REFERENCES "Case"(type),
    depart INT,
    fin INT,
    PRIMARY KEY (type, depart)
);

CREATE TABLE ChangementCase (
    depart TEXT REFERENCES "Case"(type),
    fin TEXT REFERENCES "Case"(type),
    PRIMARY KEY (depart, fin)
);

CREATE TABLE MotifSalle (
    salle INT,
    "case" INT,
    x INT,
    y INT,
    PRIMARY KEY (salle, x, y)
);

CREATE TABLE Monstre (
    nom TEXT PRIMARY KEY
);

CREATE TABLE MondeMonstre (
    monstre TEXT REFERENCES Monstre(nom),
    monde TEXT REFERENCES Monde(nom)
);

CREATE TABLE StatistiqueMonstre (
    monstre TEXT REFERENCES Monstre(nom),
    categorie TEXT,
    sous_categorie TEXT,
    valeur INT,
    PRIMARY KEY (monstre, categorie, sous_categorie)
);

CREATE TABLE ArmeMonstre (
    monstre TEXT REFERENCES Monstre(nom),
    arme TEXT REFERENCES Arme(nom),
    coefficient INT,
    PRIMARY KEY (monstre, arme)
);

CREATE TABLE Personnage (
    nom TEXT PRIMARY KEY
);

CREATE TABLE MondePersonnage (
    personnage TEXT REFERENCES Personnage(nom),
    monde TEXT REFERENCES Monde(nom)
);

CREATE TABLE StatistiquePersonnage (
    personnage TEXT REFERENCES Personnage(nom),
    categorie TEXT,
    sous_categorie TEXT,
    valeur INT,
    PRIMARY KEY (personnage, categorie, sous_categorie)
);

CREATE TABLE ArmePersonnage (
    personnage TEXT REFERENCES Personnage(nom),
    arme TEXT REFERENCES Arme(nom),
    PRIMARY KEY (personnage, arme)
);

CREATE TABLE Interaction (
    depart TEXT REFERENCES Monde(nom),
    arrivee TEXT REFERENCES Monde(nom),
    valeur INT,
    PRIMARY KEY (depart, arrivee)
);

CREATE TABLE PNJ (
    monde TEXT REFERENCES Monde(nom),
    nom TEXT,
    PRIMARY KEY (monde, nom)
);

CREATE TABLE Enchantement (
    id INT PRIMARY KEY,
    nom_trad TEXT,
    lien_fichier TEXT,
    prix INT
);

CREATE TABLE PossessionEnchantementMonstre (
    enchantement_id INT REFERENCES Enchantement(id),
    posseder_par_id INT REFERENCES Monstre
);

-- CREATE TABLE Utilisateur (
--     pseudo TEXT PRIMARY KEY
-- );

INSERT INTO "Case" VALUES
    ('Binaire', 0, 0, 0, 0),
    ('Mur', 1, 1, 0, 0),
    ('SortieSVT', 0, 0, 1, 0),
    ('SortieNSI', 0, 0, 1, 0),
    ('SortieMusique', 0, 0, 1, 0),
    ('SortiePhCh', 0, 0, 1, 0),
    ('SortieMaths', 0, 0, 1, 0),
    ('SortieEPS', 0, 0, 1, 0),
    ('SortieSES', 0, 0, 1, 0),
    ('SortieFrancais', 0, 0, 1, 0),
    ('SortiePhilo', 0, 0, 1, 0),
    ('SortieLCA', 0, 0, 1, 0),
    ('SortieAllemand', 0, 0, 1, 0),
    ('SortieEspagnol', 0, 0, 1, 0),
    ('SortieAnglais', 0, 0, 1, 0),
    ('SortieArts', 0, 0, 1, 0),
    ('SortieHGEMC', 0, 0, 1, 0),
    ('AND', 1, 1, 0, 0),
    ('Coffre', 1, 0, 0, 1),
    ('Fontaine', 1, 0, 0, 1),
    ('EpeeRocher', 1, 0, 0, 1),
    ('Enclume', 1, 0, 0, 1),
    ('Feuille', 0, 0, 0, 0),
    ('Terre', 0, 0, 0, 0),
    ('Operateurs', 0, 0, 0, 0),
    ('Sol_Labo', 0, 0, 0, 0),
    ('Table', 1, 1, 0, 0),
    ('Briques', 0, 0, 0, 0),
    ('Spiral', 1, 1, 0, 0),
    ('Texte', 0, 0, 0, 0),
    ('Bibliotheque', 1, 1, 0, 0),
    ('Sol', 0, 0, 0, 0),
    ('SolPeinture', 0, 0, 0, 0),
    ('MurArts', 1, 1, 0, 0),
    ('Colonne', 1, 1, 0, 0),
    ('Plus', 1, 1, 0, 0),
    ('Rocher', 1, 1, 0, 0),
    ('BriquesGrises', 0, 0, 0, 0),
    ('Maison', 1, 1, 0, 0),
    ('MaisonEspagnole', 1, 1, 0, 0),
    ('DrapeauAllemand', 1, 1, 0, 0),
    ('DrapeauEspagnole', 1, 1, 0, 0),
    ('Sable', 0, 0, 0, 0),
    ('Gazon', 0, 0, 0, 0),
    ('MaisonAnglaise', 1, 1, 0, 0),
    ('Bigben', 1, 1, 0, 0),
    ('SolPhilo', 0, 0, 0, 0),
    ('MurPhilo', 1, 1, 0, 0),
    ('SolSport', 0, 0, 0, 0),
    ('Moquette', 0, 0, 0, 0),
    ('TableBureau', 1, 1, 0, 0),
    ('Planche', 1, 1, 0, 0),
    ('Serveur', 1, 1, 0, 0),
    ('MurHG', 1, 1, 0, 0),
    ('Theatre', 1, 1, 0, 0),
    ('ColonneHG', 1, 1, 0, 0),
    ('ColonnePhCh', 1, 1, 0, 0),
    ('ColonneSES', 1, 1, 0, 0),
    ('ColonneArts', 1, 1, 0, 0),
    ('ColonneEPS', 1, 1, 0, 0),
    ('ColonneMusique', 1, 1, 0, 0),
    ('MurMusique', 1, 1, 0, 0),
    ('SolMusique', 0, 0, 0, 0),
    ('PlancheHG', 0, 0, 0, 0);

INSERT INTO CasesViseesArme VALUES
    ('Epee', 0, 0),
    ('Epee', 1, 0),
    ('Epee', 2, 0),
    ('GlaceEpee', 0, 0),
    ('GlaceEpee', 1, 0),
    ('GlaceEpee', 2, 0),
    ('Explosion', 0, 1),
    ('Explosion', 0, 2),
    ('Explosion', 0, 3),
    ('Explosion', 1, 0),
    ('Explosion', 1, 1),
    ('Explosion', 1, 2),
    ('Explosion', 1, 3),
    ('Explosion', 1, 4),
    ('Explosion', 2, 0),
    ('Explosion', 2, 1),
    ('Explosion', 2, 2),
    ('Explosion', 2, 3),
    ('Explosion', 2, 4),
    ('Explosion', 3, 0),
    ('Explosion', 3, 1),
    ('Explosion', 3, 2),
    ('Explosion', 3, 3),
    ('Explosion', 3, 4),
    ('Explosion', 4, 1),
    ('Explosion', 4, 2),
    ('Explosion', 4, 3),
    ('Laser', 0, 0),
    ('Laser', 1, 0),
    ('Laser', 2, 0),
    ('Laser', 3, 0),
    ('Laser', 4, 0),
    ('Laser', 5, 0),
    ('Mur', -1, 2),
    ('Mur', 1, 2),
    ('Mur', 0, 2),
    ('Mur', 0, 1),
    ('Mur', -2, -1),
    ('Mur', -2, 1),
    ('Mur', -2, 0),
    ('Mur', -1, 0),
    ('Mur', -1, -2),
    ('Mur', 1, -2),
    ('Mur', 0, -2),
    ('Mur', 0, -1),
    ('Mur', 2, -1),
    ('Mur', 2, 1),
    ('Mur', 2, 0),
    ('Mur', 1, 0),
    ('Liaison', 0, 0),
    ('Liaison', 1, 0),
    ('Liaison', 2, 0),
    ('Liaison', 3, 0),
    ('Liaison', 4, 0),
    ('Labrys', 1, -1),
    ('Labrys', 1, 0),
    ('Labrys', 1, 1),
    ('Labrys', 2, -1),
    ('Labrys', 2, 0),
    ('Labrys', 2, 1),
    ('Carre', -2, -2),
    ('Carre', -1, -2),
    ('Carre', 0, -2),
    ('Carre', 1, -2),
    ('Carre', 2, -2),
    ('Carre', 2, -1),
    ('Carre', 2, 0),
    ('Carre', 2, 1),
    ('Carre', 2, 2),
    ('Carre', 1, 2),
    ('Carre', 0, 2),
    ('Carre', -1, 2),
    ('Carre', -2, 2),
    ('Carre', -2, 1),
    ('Carre', -2, 0),
    ('Carre', -2, -1),
    ('Vecteur', 0, 0),
    ('Vecteur', 1, 0),
    ('Vecteur', 2, 0),
    ('Vecteur', 3, 0),
    ('Vecteur', 2, 1),
    ('Vecteur', 2, -1),
    ('Dessin', 0, 0),
    ('Dessin', 1, 0),
    ('Obscurite', 0, 0),
    ('Bloque', -1, -1),
    ('Bloque', -1, 0),
    ('Bloque', -1, 1),
    ('Bloque', 0, -1),
    ('Bloque', 0, 0),
    ('Bloque', 0, 1),
    ('Bloque', 1, -1),
    ('Bloque', 1, 0),
    ('Bloque', 1, 1),
    ('Flash', 1, 0),
    ('Flash', 2, 0),
    ('Flash', 3, -1),
    ('Flash', 3, 0),
    ('Flash', 3, 1),
    ('Flash', 4, -1),
    ('Flash', 4, 0),
    ('Flash', 4, 1),
    ('Flash', 5, -2),
    ('Flash', 5, -1),
    ('Flash', 5, 0),
    ('Flash', 5, 1),
    ('Flash', 5, 2),
    ('Flash', 6, -2),
    ('Flash', 6, -1),
    ('Flash', 6, 0),
    ('Flash', 6, 1),
    ('Flash', 6, 2),
    ('Son', -2, -1),
    ('Son', -2, 0),
    ('Son', -2, 1),
    ('Son', -1, -2),
    ('Son', -1, -1),
    ('Son', -1, 0),
    ('Son', -1, 1),
    ('Son', -1, 2),
    ('Son', 0, -2),
    ('Son', 0, -1),
    ('Son', 0, 1),
    ('Son', 0, 2),
    ('Son', 1, -2),
    ('Son', 1, -1),
    ('Son', 1, 0),
    ('Son', 1, 1),
    ('Son', 1, 2),
    ('Son', 2, -1),
    ('Son', 2, 0),
    ('Son', 2, 1),
    ('Lance', 0, 0),
    ('Lance', 1, 0),
    ('Lance', 2, 0),
    ('Lance', 3, 0),
    ('Roulade', 0, 0),
    ('Roulade', 1, 0),
    ('Poing', 0, 0),
    ('Poing', 1, 0),
    ('Liane', 0, 0),
    ('Liane', 1, 0),
    ('Liane', 2, 0),
    ('Fleur', 0, 0),
    ('Sel', 0, 0),
    ('Charge', 0, 0),
    ('Charge', 1, 0),
    ('Cuillere', 0, 0),
    ('Cuillere', 1, 0),
    ('Cuillere', 2, 0),
    ('Tonnere', 0, 0),
    ('Tonnere', 1, 0),
    ('Tonnere', 2, 0),
    ('Tonnere', 3, 0),
    ('Pied', 0, 0),
    ('Pied', 1, 0),
    ('Cordes', 0, 0),
    ('Cordes', 1, 0),
    ('Cordes', 2, 0);

INSERT INTO Arme VALUES
    ('Epee', -1, 0, 0, 2250, .125, 0., 100, 0, 0),
    ('Explosion', 2, 2, 1, 1250, .1875, .625, 10, 0, 0),
    ('Laser', -1, 0, 0, 1000, .0625, 0., 100, 0, 0),
    ('Mur', 0, 0, 0, 2125, .25, .125, 30, 0, 0),
    ('Liaison', -1, 0, 0, 625, .375, 0., 30, 0, 0),
    ('Labrys', 0, 0, 0, 1500, .125, 0., 70, 0, 0),
    ('Carre', 0, 0, 0, 1500, .375, 0., 30, 0, 0),
    ('Vecteur', -1, 0, 0, 2750, 0.0625, 0., 40, 0, 0),
    ('Pages', 0, 0, 0, 0, 0, 0., 40, 1, 0),
    ('Page', 0, 0, 0, 2250, 0.0625, 0., 100, 0, 0),
    ('Dessin', -1, 0, 0, 750, .125, 0., 120, 0, 0),
    ('Obscurite', 0, 0, 1, 750, .4415, .25, 50, 0, 0),
    ('Chimie', 0, 0, 0, 0, 0, 0., 30, 3, 0),
    ('Toxik', 0, 0, 0, 1000, 0.0625, 0., 70, 0, 0),
    ('Bloque', 0, 0, 1, 875, .1875, .1875, 15, 0, 0),
    ('Flash', 0, 0, 0, 1000, .0625, 0., 100, 0, 0),
    ('Son', 0, 0, 0, 1250, .0625, 0., 65, 0, 0),
    ('Invocation', 0, 0, 0, 0, .0625, 0., 5, 0, 3),
    ('InvocationBoss', 0, 0, 0, 0, .0625, 0., 7, 0, 5),
    ('Lance', -1, 0, 0, 1500, .0625, 0., 125, 0, 0),
    ('Roulade', -1, 0, 0, 1250, .375, 0., 120, 0, 0),
    ('Poing', -1, 0, 0, 1250, .0625, 0., 250, 0, 0),
    ('Feuilles', 0, 0, 0, 0, 0, 0., 55, 1, 0),
    ('Feuille', 0, 0, 0, 3000, 0.0625, 0., 150, 0, 0),
    ('Liane', -1, 0, 0, 1750, .1875, 0., 85, 0, 0),
    ('Fleur', 0, 0, 1, 625, .375, .125, 75, 0, 0),
    ('Molotov', 0, 0, 0, 0, 0, 0., 30, 5, 0),
    ('Flamme', 0, 0, 0, 1750, 0.0625, 0., 100, 0, 0),
    ('Sel', 0, 0, 0, 1750, 0.5, 0.5, 120, 0, 0),
    ('Charge', -1, 0, 0, 2500, .125, .125, 25, 0, 0),
    ('Cuillere', -1, 0, 0, 2750, .1875, 0., 85, 0, 0),
    ('Soin', 0, 0, 0, 0, 0., 0., 10, 0, 0),
    ('Malette', 0, 0, 0, 0, 0, 0., 40, 3, 0),
    ('Billet', 0, 0, 0, 1125, 0.0625, 0., 100, 0, 0),
    ('Tonnere', -1, 0, 0, 500, .125, 0., 75, 1, 0),
    ('Eclair', 0, 0, 0, 1750, 0.0625, 0., 100, 0, 0),
    ('Pied', -1, 0, 0, 1750, .5, 0.0625, 82, 0, 0),
    ('import random', 0, 0, 0, 1, 0., 0., 100, 0, 0),
    ('Cadeau', 0, 0, 0, 0, 0., 0., 45, 0, 0),
    ('Cordes', -1, 0, 0, 1750, .1875, 0., 85, 0, 0),
    ('Arc', 0, 0, 0, 0, 0, 0., 35, 1, 0),
    ('Fleche', 0, 0, 0, 3500, 0.0625, 0., 100, 0, 0),
    ('Pic', 0, 0, 0, 200, 0.0625, 0., 100, 0, 0),
    ('Pic2', 0, 0, 0, 50, 0.0625, 0., 100, 0, 0),
    ('GlaceEpee', -1, 0, 0, 3250, .125, 0., 150, 0, 0),
    ('Canon', 0, 0, 0, 0, 0, 0., 25, 1, 0),
    ('Boulet', 0, 0, 0, 3000, 0.125, 0., 100, 0, 0);

INSERT INTO MondeArme VALUES
    ('Explosion', 'NSI'),
    ('Laser', 'NSI'),
    ('Laser', 'PhCh'),
    ('Mur', 'SVT'),
    ('Mur', 'Allemand'),
    ('Liaison', 'PhCh'),
    ('Labrys', 'LCA'),
    ('Carre', 'Maths'),
    ('Vecteur', 'Maths'),
    ('Vecteur', 'PhCh'),
    ('Pages', 'Francais'),
    ('Pages', 'Philo'),
    ('Page', 'Francais'),
    ('Page', 'Philo'),
    ('Dessin', 'Arts'),
    ('Chimie', 'PhCh'),
    ('Toxik', 'PhCh'),
    ('Flash', 'Arts'),
    ('Son', 'Musique'),
    ('Son', 'PhCh'),
    ('Lance', 'HGEMC'),
    ('Lance', 'LCA'),
    ('Poing', 'EPS'),
    ('Feuilles', 'SVT'),
    ('Feuille', 'SVT'),
    ('Liane', 'SVT'),
    ('Fleur', 'SVT'),
    ('Molotov', 'PhCh'),
    ('Flamme', 'PhCh'),
    ('Charge', 'Espagnol'),
    ('Cuillere', 'Anglais'),
    ('Malette', 'SES'),
    ('Billet', 'SES'),
    ('Tonnere', 'SVT'),
    ('Tonnere', 'PhCh'),
    ('Eclair', 'SVT'),
    ('Eclair', 'PhCh'),
    ('Pied', 'EPS'),
    ('import random', 'Philo'),
    ('Cordes', 'Musiques'),
    ('Arc', 'LCA'),
    ('Fleche', 'LCA'),
    ('Canon', 'HGEMC'),
    ('Boulet', 'HGEMC');

INSERT INTO Projectile VALUES
    ('Pages', 'Page', 25),
    ('Chimie', 'Toxik', 15),
    ('Feuilles', 'Feuille', 35),
    ('Molotov', 'Flamme', 20),
    ('Malette', 'Billet', 30),
    ('Tonnere', 'Eclair', 40),
    ('Arc', 'Fleche', 20),
    ('Canon', 'Boulet', 10);

INSERT INTO EffetsArme VALUES
    ('Liaison', 'Liaison', 5.),
    ('Vecteur', 'Echange', 0.),
    ('Dessin', 'Invocation', 2.5),
    ('Obscurite', 'Obscurite', 5.),
    ('Toxik', 'Intoxication', 5.),
    ('Bloque', 'Bloque', .375),
    ('Flash', 'Bloque', .125),
    ('Son', 'Bloque', .25),
    ('Son', 'Obscurite', 1.),
    ('Roulade', 'Gravite', 0.),
    ('Poing', 'Bloque', 0.1),
    ('Liane', 'Bloque', 0.25),
    ('Fleur', 'Intoxication', 1.),
    ('Flamme', 'Feu', 2.5),
    ('Charge', 'Recul', 0.5),
    ('Tonnere', 'Bloque', 0.0625),
    ('Eclair', 'Bloque', 0.0625),
    ('Cordes', 'Bloque', .00625),
    ('Cordes', 'Obscurite', .25),
    ('GlaceEpee', 'Froid', 1),
    ('Boulet', 'Bloque', .125);

INSERT INTO Monde VALUES
    ('NSI', 'Binaire', 'Serveur', 'SortieNSI', 'Coffre', 'Fontaine', 'EpeeRocher', 'Enclume', 'AND'),
    ('SVT', 'Feuille', 'Mur', 'SortieSVT', 'Coffre', 'Fontaine', 'EpeeRocher', 'Enclume', 'Rocher'),
    ('Maths', 'Operateurs', 'Mur', 'SortieMaths', 'Coffre', 'Fontaine', 'EpeeRocher', 'Enclume', 'Plus'),
    ('PhCh', 'Sol_Labo', 'Table', 'SortiePhCh', 'Coffre', 'Fontaine', 'EpeeRocher', 'Enclume', 'ColonnePhCh'),
    ('SES', 'Moquette', 'TableBureau', 'SortieSES', 'Coffre', 'Fontaine', 'EpeeRocher', 'Enclume', 'ColonneSES'),
    ('LCA', 'Briques', 'Spiral', 'SortieLCA', 'Coffre', 'Fontaine', 'EpeeRocher', 'Enclume', 'Colonne'),
    ('Francais', 'Texte', 'Bibliotheque', 'SortieFrancais', 'Coffre', 'Fontaine', 'EpeeRocher', 'Enclume', 'Colonne'),
    ('Philo', 'SolPhilo', 'MurPhilo', 'SortiePhilo', 'Coffre', 'Fontaine', 'EpeeRocher', 'Enclume', 'Colonne'),
    ('Anglais', 'Gazon', 'MaisonAnglaise', 'SortieAnglais', 'Coffre', 'Fontaine', 'EpeeRocher', 'Enclume', 'Bigben'),
    ('Allemand', 'BriquesGrises', 'Maison', 'SortieAllemand', 'Coffre', 'Fontaine', 'EpeeRocher', 'Enclume', 'DrapeauAllemand'),
    ('Espagnol', 'Sable', 'MaisonEspagnole', 'SortieEspagnol', 'Coffre', 'Fontaine', 'EpeeRocher', 'Enclume', 'DrapeauEspagnole'),
    ('EPS', 'SolSport', 'Planche', 'SortieEPS', 'Coffre', 'Fontaine', 'EpeeRocher', 'Enclume', 'ColonneEPS'),
    ('Musique', 'SolMusique', 'Theatre', 'SortieMusique', 'Coffre', 'Fontaine', 'EpeeRocher', 'Enclume', 'ColonneMusique'),
    ('Arts', 'SolPeinture', 'MurArts', 'SortieSVT', 'Coffre', 'Fontaine', 'EpeeRocher', 'Enclume', 'ColonneArts'),
    ('HGEMC', 'PlancheHG', 'MurHG', 'SortieHGEMC', 'Coffre', 'Fontaine', 'EpeeRocher', 'Enclume', 'ColonneHG');

INSERT INTO VariationCase VALUES
    ('Feuille', 4),
    ('Terre', 4),
    ('Operateurs', 3),
    ('Briques', 2),
    ('Texte', 3),
    ('Table', 5),
    ('SolPeinture', 32),
    ('MurArts', 12),
    ('Plus', 4),
    ('Maison', 6),
    ('MaisonEspagnole', 5),
    ('Sable', 4),
    ('Gazon', 4),
    ('MaisonAnglaise', 2),
    ('Moquette', 4),
    ('TableBureau', 4),
    ('Serveur', 4),
    ('MurHG', 5);

INSERT INTO ModificationCase VALUES
    ('Binaire', 1, 2),
    ('Binaire', 2, 1);

INSERT INTO ChangementCase VALUES
    ('Feuille', 'Terre');

INSERT INTO MotifSalle VALUES
    (1, 2, 6, 6),
    (1, 2, 4, 4),
    (1, 2, 4, 6),
    (1, 2, 6, 4),
    (2, 1, 8, 4),
    (2, 1, 8, 5),
    (2, 1, 8, 6),
    (2, 1, 2, 4),
    (2, 1, 2, 5),
    (2, 1, 2, 6),
    (2, 1, 4, 8),
    (2, 1, 5, 8),
    (2, 1, 6, 8),
    (2, 1, 4, 2),
    (2, 1, 5, 2),
    (2, 1, 6, 2),
    (3, 1, 3, 0),
    (3, 1, 3, 1),
    (3, 1, 7, 0),
    (3, 1, 7, 1),
    (3, 1, 3, 10),
    (3, 1, 3, 9),
    (3, 1, 7, 10),
    (3, 1, 7, 9),
    (3, 1, 0, 3),
    (3, 1, 1, 3),
    (3, 1, 0, 7),
    (3, 1, 1, 7),
    (3, 1, 10, 3),
    (3, 1, 9, 3),
    (3, 1, 10, 7),
    (3, 1, 9, 7),
    (4, 2, 1, 1),
    (4, 2, 1, 9),
    (4, 2, 9, 1),
    (4, 2, 9, 9),
    (5, 1, 1, 5),
    (5, 1, 2, 5),
    (5, 1, 3, 5),
    (5, 1, 7, 5),
    (5, 1, 8, 5),
    (5, 1, 9, 5),
    (5, 1, 5, 1),
    (5, 1, 5, 2),
    (5, 1, 5, 3),
    (5, 1, 5, 7),
    (5, 1, 5, 8),
    (5, 1, 5, 9);

INSERT INTO Monstre VALUES
    ('Robot'),
    ('SQL'),
    ('Carotte'),
    ('Rocher'),
    ('H2O'),
    ('Minotaure'),
    ('Equerre'),
    ('Cube'),
    ('Scalaire'),
    ('Livre'),
    ('Plume'),
    ('Cerveau'),
    ('Photo'),
    ('Crayon'),
    ('Dollard'),
    ('Peinture'),
    ('Erlenmeyer'),
    ('Noire'),
    ('Piano'),
    ('Globe'),
    ('Soldat'),
    ('Haltere'),
    ('Mur'),
    ('Feuille'),
    ('Biere'),
    ('Bretzel'),
    ('Saucisse'),
    ('Flamenco'),
    ('Taureau'),
    ('Tasse'),
    ('BusinessMan'),
    ('Nuage'),
    ('Chaussure'),
    ('Ballon'),
    ('Question'),
    ('Dissertation'),
    ('Guitare'),
    ('Cupidon'),
    ('CarteGraphique'),
    ('Graphique'),
    ('Bouteille'),
    ('Telephone'),
    ('Pyramid'),
    ('Bateau'),
    ('Crane');

INSERT INTO MondeMonstre VALUES
    ('Robot', 'NSI'),
    ('SQL', 'NSI'),
    ('Carotte', 'SVT'),
    ('Carotte', 'Anglais'),
    ('Rocher', 'SVT'),
    ('H2O', 'PhCh'),
    ('Minotaure', 'LCA'),
    ('Equerre', 'Maths'),
    ('Cube', 'Maths'),
    ('Scalaire', 'Maths'),
    ('Scalaire', 'PhCh'),
    ('Livre', 'Francais'),
    ('Plume', 'Francais'),
    ('Cerveau', 'SVT'),
    ('Cerveau', 'Philo'),
    ('Photo', 'Arts'),
    ('Crayon', 'Arts'),
    ('Dollard', 'SES'),
    ('Peinture', 'Arts'),
    ('Erlenmeyer', 'PhCh'),
    ('Noire', 'Musique'),
    ('Piano', 'Musique'),
    ('Globe', 'HGEMC'),
    ('Soldat', 'HGEMC'),
    ('Soldat', 'LCA'),
    ('Haltere', 'EPS'),
    ('Mur', 'Allemand'),
    ('Feuille', 'SVT'),
    ('Biere', 'Allemand'),
    ('Bretzel', 'Allemand'),
    ('Saucisse', 'Allemand'),
    ('Flamenco', 'Espagnol'),
    ('Taureau', 'Espagnol'),
    ('Tasse', 'Anglais'),
    ('BusinessMan', 'SES'),
    ('Nuage', 'SVT'),
    ('Chaussure', 'EPS'),
    ('Ballon', 'EPS'),
    ('Question', 'Philo'),
    ('Dissertation', 'Philo'),
    ('Dissertation', 'Francais'),
    ('Guitare', 'Musique'),
    ('Cupidon', 'LCA'),
    ('CarteGraphique', 'NSI'),
    ('Graphique', 'SES'),
    ('Bouteille', 'EPS'),
    ('Telephone', 'Anglais'),
    ('Pyramid', 'HGEMC'),
    ('Bateau', 'HGEMC'),
    ('Crane', 'Espagnol');

INSERT INTO StatistiqueMonstre VALUES
    ('Robot', 'vie', 'maximum', 1091),
    ('Robot', 'vie', 'division', 1),
    ('Robot', 'vie', 'regeneration', 1),
    ('Robot', 'puissance_physique', 'maximum', 1000),
    ('Robot', 'vitesse_physique', 'maximum', 1091),
    ('Robot', 'vitesse_deplacement', 'maximum', 841),
    
    ('SQL', 'vie', 'maximum', 1000),
    ('SQL', 'vie', 'division', 10),
    ('SQL', 'vie', 'regeneration', 5),
    ('SQL', 'puissance_physique', 'maximum', 1000),
    ('SQL', 'vitesse_physique', 'maximum', 1000),
    ('SQL', 'vitesse_deplacement', 'maximum', 1000),
    
    ('Carotte', 'vie', 'maximum', 648),
    ('Carotte', 'vie', 'division', 5),
    ('Carotte', 'vie', 'regeneration', 1),
    ('Carotte', 'puissance_physique', 'maximum', 771),
    ('Carotte', 'vitesse_physique', 'maximum', 1000),
    ('Carotte', 'vitesse_deplacement', 'maximum', 2000),
    
    ('Rocher', 'vie', 'maximum', 2000),
    ('Rocher', 'vie', 'division', 5),
    ('Rocher', 'vie', 'regeneration', 3),
    ('Rocher', 'puissance_physique', 'maximum', 1091),
    ('Rocher', 'vitesse_physique', 'maximum', 917),
    ('Rocher', 'vitesse_deplacement', 'maximum', 500),
    
    ('H2O', 'vie', 'maximum', 1000),
    ('H2O', 'vie', 'division', 3),
    ('H2O', 'vie', 'regeneration', 5),
    ('H2O', 'puissance_physique', 'maximum', 1000),
    ('H2O', 'vitesse_physique', 'maximum', 1000),
    ('H2O', 'vitesse_deplacement', 'maximum', 1000),
    
    ('Minotaure', 'vie', 'maximum', 595),
    ('Minotaure', 'vie', 'division', 5),
    ('Minotaure', 'vie', 'regeneration', 0),
    ('Minotaure', 'puissance_physique', 'maximum', 1682),
    ('Minotaure', 'vitesse_physique', 'maximum', 841),
    ('Minotaure', 'vitesse_deplacement', 'maximum', 1189),
    
    ('Equerre', 'vie', 'maximum', 771),
    ('Equerre', 'vie', 'division', 3),
    ('Equerre', 'vie', 'regeneration', 1),
    ('Equerre', 'puissance_physique', 'maximum', 841),
    ('Equerre', 'vitesse_physique', 'maximum', 1414),
    ('Equerre', 'vitesse_deplacement', 'maximum', 1091),
    
    ('Cube', 'vie', 'maximum', 1297),
    ('Cube', 'vie', 'division', 6),
    ('Cube', 'vie', 'regeneration', 2),
    ('Cube', 'puissance_physique', 'maximum', 841),
    ('Cube', 'vitesse_physique', 'maximum', 841),
    ('Cube', 'vitesse_deplacement', 'maximum', 1091),
    
    ('Scalaire', 'vie', 'maximum', 1000),
    ('Scalaire', 'vie', 'division', 2),
    ('Scalaire', 'vie', 'regeneration', 5),
    ('Scalaire', 'puissance_physique', 'maximum', 1000),
    ('Scalaire', 'vitesse_physique', 'maximum', 1000),
    ('Scalaire', 'vitesse_deplacement', 'maximum', 1000),
    
    ('Livre', 'vie', 'maximum', 1682),
    ('Livre', 'vie', 'division', 10),
    ('Livre', 'vie', 'regeneration', 1),
    ('Livre', 'puissance_physique', 'maximum', 841),
    ('Livre', 'vitesse_physique', 'maximum', 841),
    ('Livre', 'vitesse_deplacement', 'maximum', 841),
    
    ('Plume', 'vie', 'maximum', 841),
    ('Plume', 'vie', 'division', 5),
    ('Plume', 'vie', 'regeneration', 2),
    ('Plume', 'puissance_physique', 'maximum', 1000),
    ('Plume', 'vitesse_physique', 'maximum', 1091),
    ('Plume', 'vitesse_deplacement', 'maximum', 1091),

    ('Cerveau', 'vie', 'maximum', 2000),
    ('Cerveau', 'vie', 'division', 3),
    ('Cerveau', 'vie', 'regeneration', 3),
    ('Cerveau', 'puissance_physique', 'maximum', 841),
    ('Cerveau', 'vitesse_physique', 'maximum', 707),
    ('Cerveau', 'vitesse_deplacement', 'maximum', 841),

    ('Photo', 'vie', 'maximum', 917),
    ('Photo', 'vie', 'division', 1),
    ('Photo', 'vie', 'regeneration', 1),
    ('Photo', 'puissance_physique', 'maximum', 595),
    ('Photo', 'vitesse_physique', 'maximum', 1091),
    ('Photo', 'vitesse_deplacement', 'maximum', 1682),

    ('Crayon', 'vie', 'maximum', 1091),
    ('Crayon', 'vie', 'division', 5),
    ('Crayon', 'vie', 'regeneration', 5),
    ('Crayon', 'puissance_physique', 'maximum', 707),
    ('Crayon', 'vitesse_physique', 'maximum', 2000),
    ('Crayon', 'vitesse_deplacement', 'maximum', 648),

    ('Dollard', 'vie', 'maximum', 1091),
    ('Dollard', 'vie', 'division', 2),
    ('Dollard', 'vie', 'regeneration', 1),
    ('Dollard', 'puissance_physique', 'maximum', 1000),
    ('Dollard', 'vitesse_physique', 'maximum', 917),
    ('Dollard', 'vitesse_deplacement', 'maximum', 1000),

    ('Peinture', 'vie', 'maximum', 1297),
    ('Peinture', 'vie', 'division', 1),
    ('Peinture', 'vie', 'regeneration', 5),
    ('Peinture', 'puissance_physique', 'maximum', 771),
    ('Peinture', 'vitesse_physique', 'maximum', 1000),
    ('Peinture', 'vitesse_deplacement', 'maximum', 1000),
    
    ('Erlenmeyer', 'vie', 'maximum', 595),
    ('Erlenmeyer', 'vie', 'division', 10),
    ('Erlenmeyer', 'vie', 'regeneration', 1),
    ('Erlenmeyer', 'puissance_physique', 'maximum', 1682),
    ('Erlenmeyer', 'vitesse_physique', 'maximum', 1091),
    ('Erlenmeyer', 'vitesse_deplacement', 'maximum', 917),
    
    ('Noire', 'vie', 'maximum', 771),
    ('Noire', 'vie', 'division', 10),
    ('Noire', 'vie', 'regeneration', 3),
    ('Noire', 'puissance_physique', 'maximum', 707),
    ('Noire', 'vitesse_physique', 'maximum', 1542),
    ('Noire', 'vitesse_deplacement', 'maximum', 1189),
    
    ('Piano', 'vie', 'maximum', 1414),
    ('Piano', 'vie', 'division', 4),
    ('Piano', 'vie', 'regeneration', 2),
    ('Piano', 'puissance_physique', 'maximum', 917),
    ('Piano', 'vitesse_physique', 'maximum', 917),
    ('Piano', 'vitesse_deplacement', 'maximum', 841),
    
    ('Globe', 'vie', 'maximum', 1189),
    ('Globe', 'vie', 'division', 1),
    ('Globe', 'vie', 'regeneration', 1),
    ('Globe', 'puissance_physique', 'maximum', 1091),
    ('Globe', 'vitesse_physique', 'maximum', 841),
    ('Globe', 'vitesse_deplacement', 'maximum', 917),
    
    ('Soldat', 'vie', 'maximum', 917),
    ('Soldat', 'vie', 'division', 7),
    ('Soldat', 'vie', 'regeneration', 2),
    ('Soldat', 'puissance_physique', 'maximum', 1682),
    ('Soldat', 'vitesse_physique', 'maximum', 595),
    ('Soldat', 'vitesse_deplacement', 'maximum', 1091),
    
    ('Haltere', 'vie', 'maximum', 1000),
    ('Haltere', 'vie', 'division', 3),
    ('Haltere', 'vie', 'regeneration', 1),
    ('Haltere', 'puissance_physique', 'maximum', 1091),
    ('Haltere', 'vitesse_physique', 'maximum', 1000),
    ('Haltere', 'vitesse_deplacement', 'maximum', 917),
    
    ('Mur', 'vie', 'maximum', 2378),
    ('Mur', 'vie', 'division', 1),
    ('Mur', 'vie', 'regeneration', 2),
    ('Mur', 'puissance_physique', 'maximum', 841),
    ('Mur', 'vitesse_physique', 'maximum', 707),
    ('Mur', 'vitesse_deplacement', 'maximum', 707),
    
    ('Feuille', 'vie', 'maximum', 841),
    ('Feuille', 'vie', 'division', 4),
    ('Feuille', 'vie', 'regeneration', 1),
    ('Feuille', 'puissance_physique', 'maximum', 917),
    ('Feuille', 'vitesse_physique', 'maximum', 1091),
    ('Feuille', 'vitesse_deplacement', 'maximum', 1189),
    
    ('Biere', 'vie', 'maximum', 1189),
    ('Biere', 'vie', 'division', 3),
    ('Biere', 'vie', 'regeneration', 2),
    ('Biere', 'puissance_physique', 'maximum', 1091),
    ('Biere', 'vitesse_physique', 'maximum', 841),
    ('Biere', 'vitesse_deplacement', 'maximum', 917),
    
    ('Bretzel', 'vie', 'maximum', 771),
    ('Bretzel', 'vie', 'division', 3),
    ('Bretzel', 'vie', 'regeneration', 1),
    ('Bretzel', 'puissance_physique', 'maximum', 1091),
    ('Bretzel', 'vitesse_physique', 'maximum', 1091),
    ('Bretzel', 'vitesse_deplacement', 'maximum', 1091),
    
    ('Saucisse', 'vie', 'maximum', 1000),
    ('Saucisse', 'vie', 'division', 5),
    ('Saucisse', 'vie', 'regeneration', 1),
    ('Saucisse', 'puissance_physique', 'maximum', 917),
    ('Saucisse', 'vitesse_physique', 'maximum', 1091),
    ('Saucisse', 'vitesse_deplacement', 'maximum', 1000),
    
    ('Flamenco', 'vie', 'maximum', 917),
    ('Flamenco', 'vie', 'division', 10),
    ('Flamenco', 'vie', 'regeneration', 1),
    ('Flamenco', 'puissance_physique', 'maximum', 841),
    ('Flamenco', 'vitesse_physique', 'maximum', 1091),
    ('Flamenco', 'vitesse_deplacement', 'maximum', 1189),
    
    ('Taureau', 'vie', 'maximum', 841),
    ('Taureau', 'vie', 'division', 3),
    ('Taureau', 'vie', 'regeneration', 3),
    ('Taureau', 'puissance_physique', 'maximum', 1414),
    ('Taureau', 'vitesse_physique', 'maximum', 707),
    ('Taureau', 'vitesse_deplacement', 'maximum', 1189),
    
    ('Tasse', 'vie', 'maximum', 1091),
    ('Tasse', 'vie', 'division', 3),
    ('Tasse', 'vie', 'regeneration', 3),
    ('Tasse', 'puissance_physique', 'maximum', 1000),
    ('Tasse', 'vitesse_physique', 'maximum', 1000),
    ('Tasse', 'vitesse_deplacement', 'maximum', 917),
    
    ('BusinessMan', 'vie', 'maximum', 1091),
    ('BusinessMan', 'vie', 'division', 1),
    ('BusinessMan', 'vie', 'regeneration', 1),
    ('BusinessMan', 'puissance_physique', 'maximum', 917),
    ('BusinessMan', 'vitesse_physique', 'maximum', 917),
    ('BusinessMan', 'vitesse_deplacement', 'maximum', 1091),
    
    ('Nuage', 'vie', 'maximum', 917),
    ('Nuage', 'vie', 'division', 1),
    ('Nuage', 'vie', 'regeneration', 1),
    ('Nuage', 'puissance_physique', 'maximum', 841),
    ('Nuage', 'vitesse_physique', 'maximum', 1189),
    ('Nuage', 'vitesse_deplacement', 'maximum', 1091),
    
    ('Chaussure', 'vie', 'maximum', 595),
    ('Chaussure', 'vie', 'division', 1),
    ('Chaussure', 'vie', 'regeneration', 1),
    ('Chaussure', 'puissance_physique', 'maximum', 1091),
    ('Chaussure', 'vitesse_physique', 'maximum', 595),
    ('Chaussure', 'vitesse_deplacement', 'maximum', 2181),
    
    ('Ballon', 'vie', 'maximum', 1091),
    ('Ballon', 'vie', 'division', 1),
    ('Ballon', 'vie', 'regeneration', 1),
    ('Ballon', 'puissance_physique', 'maximum', 1091),
    ('Ballon', 'vitesse_physique', 'maximum', 917),
    ('Ballon', 'vitesse_deplacement', 'maximum', 917),
    
    ('Question', 'vie', 'maximum', 1000),
    ('Question', 'vie', 'division', 1),
    ('Question', 'vie', 'regeneration', 1),
    ('Question', 'puissance_physique', 'maximum', 1000),
    ('Question', 'vitesse_physique', 'maximum', 1000),
    ('Question', 'vitesse_deplacement', 'maximum', 1000),
    
    ('Dissertation', 'vie', 'maximum', 1414),
    ('Dissertation', 'vie', 'division', 1),
    ('Dissertation', 'vie', 'regeneration', 1),
    ('Dissertation', 'puissance_physique', 'maximum', 841),
    ('Dissertation', 'vitesse_physique', 'maximum', 917),
    ('Dissertation', 'vitesse_deplacement', 'maximum', 917),
    
    ('Guitare', 'vie', 'maximum', 1189),
    ('Guitare', 'vie', 'division', 1),
    ('Guitare', 'vie', 'regeneration', 1),
    ('Guitare', 'puissance_physique', 'maximum', 917),
    ('Guitare', 'vitesse_physique', 'maximum', 1091),
    ('Guitare', 'vitesse_deplacement', 'maximum', 841),
    
    ('Cupidon', 'vie', 'maximum', 707),
    ('Cupidon', 'vie', 'division', 1),
    ('Cupidon', 'vie', 'regeneration', 1),
    ('Cupidon', 'puissance_physique', 'maximum', 1189),
    ('Cupidon', 'vitesse_physique', 'maximum', 841),
    ('Cupidon', 'vitesse_deplacement', 'maximum', 1414),
    
    ('CarteGraphique', 'vie', 'maximum', 1000),
    ('CarteGraphique', 'vie', 'division', 1),
    ('CarteGraphique', 'vie', 'regeneration', 3),
    ('CarteGraphique', 'puissance_physique', 'maximum', 1000),
    ('CarteGraphique', 'vitesse_physique', 'maximum', 1000),
    ('CarteGraphique', 'vitesse_deplacement', 'maximum', 1000),
    
    ('Graphique', 'vie', 'maximum', 707),
    ('Graphique', 'vie', 'division', 3),
    ('Graphique', 'vie', 'regeneration', 1),
    ('Graphique', 'puissance_physique', 'maximum', 1414),
    ('Graphique', 'vitesse_physique', 'maximum', 1189),
    ('Graphique', 'vitesse_deplacement', 'maximum', 841),
    
    ('Bouteille', 'vie', 'maximum', 1091),
    ('Bouteille', 'vie', 'division', 2),
    ('Bouteille', 'vie', 'regeneration', 2),
    ('Bouteille', 'puissance_physique', 'maximum', 1091),
    ('Bouteille', 'vitesse_physique', 'maximum', 1189),
    ('Bouteille', 'vitesse_deplacement', 'maximum', 707),
    
    ('Telephone', 'vie', 'maximum', 1682),
    ('Telephone', 'vie', 'division', 4),
    ('Telephone', 'vie', 'regeneration', 1),
    ('Telephone', 'puissance_physique', 'maximum', 841),
    ('Telephone', 'vitesse_physique', 'maximum', 841),
    ('Telephone', 'vitesse_deplacement', 'maximum', 841),
    
    ('Pyramid', 'vie', 'maximum', 1682),
    ('Pyramid', 'vie', 'division', 4),
    ('Pyramid', 'vie', 'regeneration', 2),
    ('Pyramid', 'puissance_physique', 'maximum', 841),
    ('Pyramid', 'vitesse_physique', 'maximum', 841),
    ('Pyramid', 'vitesse_deplacement', 'maximum', 841),
    
    ('Bateau', 'vie', 'maximum', 1189),
    ('Bateau', 'vie', 'division', 10),
    ('Bateau', 'vie', 'regeneration', 1),
    ('Bateau', 'puissance_physique', 'maximum', 841),
    ('Bateau', 'vitesse_physique', 'maximum', 841),
    ('Bateau', 'vitesse_deplacement', 'maximum', 189),
    
    ('Crane', 'vie', 'maximum', 1189),
    ('Crane', 'vie', 'division', 1),
    ('Crane', 'vie', 'regeneration', 1),
    ('Crane', 'puissance_physique', 'maximum', 917),
    ('Crane', 'vitesse_physique', 'maximum', 1091),
    ('Crane', 'vitesse_deplacement', 'maximum', 841);

INSERT INTO ArmeMonstre VALUES
    ('Robot', 'Laser', 7),
    ('Robot', 'Explosion', 1),
    ('SQL', 'Explosion', 1),
    ('Carotte', 'Epee', 7),
    ('Carotte', 'Labrys', 1),
    ('Rocher', 'Mur', 3),
    ('Rocher', 'Bloque', 1),
    ('H2O', 'Liaison', 7),
    ('H2O', 'Chimie', 1),
    ('Minotaure', 'Labrys', 7),
    ('Minotaure', 'Epee', 1),
    ('Equerre', 'Epee', 1),
    ('Cube', 'Carre', 11),
    ('Cube', 'Dessin', 1),
    ('Scalaire', 'Vecteur', 1),
    ('Livre', 'Pages', 1),
    ('Plume', 'Dessin', 1),
    ('Cerveau', 'Obscurite', 7),
    ('Cerveau', 'Bloque', 1),
    ('Photo', 'Flash', 7),
    ('Photo', 'Laser', 1),
    ('Crayon', 'Dessin', 1),
    ('Dollard', 'Explosion', 1),
    ('Peinture', 'Bloque', 7),
    ('Peinture', 'Obscurite', 1),
    ('Erlenmeyer', 'Chimie', 1),
    ('Noire', 'Son', 3),
    ('Noire', 'Liaison', 1),
    ('Piano', 'Invocation', 7),
    ('Piano', 'Son', 1),
    ('Globe', 'Roulade', 1),
    ('Soldat', 'Lance', 8),
    ('Soldat', 'Epee', 4),
    ('Soldat', 'Labrys', 1),
    ('Haltere', 'Poing', 1),
    ('Mur', 'Mur', 1),
    ('Feuille', 'Feuilles', 1),
    ('Feuille', 'Liane', 1),
    ('Feuille', 'Fleur', 1),
    ('Biere', 'Molotov', 1),
    ('Bretzel', 'Sel', 1),
    ('Saucisse', 'Poing', 1),
    ('Flamenco', 'Son', 1),
    ('Taureau', 'Charge', 7),
    ('Taureau', 'Poing', 1),
    ('Tasse', 'Cuillere', 1),
    ('BusinessMan', 'Malette', 1),
    ('Nuage', 'Tonnere', 1),
    ('Chaussure', 'Pied', 1),
    ('Ballon', 'Poing', 1),
    ('Ballon', 'Pied', 1),
    ('Question', 'import random', 1),
    ('Dissertation', 'Pages', 3),
    ('Dissertation', 'Dessin', 1),
    ('Guitare', 'Cordes', 7),
    ('Guitare', 'Son', 1),
    ('Cupidon', 'Arc', 1),
    ('CarteGraphique', 'Explosion', 1),
    ('CarteGraphique', 'Laser', 1),
    ('Graphique', 'Laser', 3),
    ('Graphique', 'Malette', 1),
    ('Bouteille', 'Poing', 7),
    ('Bouteille', 'Molotov', 1),
    ('Telephone', 'Son', 15),
    ('Telephone', 'Tonnere', 1),
    ('Pyramid', 'Mur', 1),
    ('Bateau', 'Canon', 1),
    ('Crane', 'Dessin', 1);

INSERT INTO Personnage VALUES
    ('Socrate'),
    ('Diogene'),
    ('Ciceron'),
    ('Jules Cesar'),
    ('Ovide'),
    ('Seneque'),
    ('Rabelais'),
    ('Leonard de Vinci'),
    ('Miguel de Cervantes'),
    ('William Shakespeare'),
    ('Moliere'),
    ('Blaise Pascal'),
    ('Isaac Newton'),
    ('Voltaire'),
    ('Adam Smith'),
    ('Goethe'),
    ('Mozart'),
    ('Napoleon Bonaparte'),
    ('Ludwig van Beethoven'),
    ('Carl Friedrich Gauss'),
    ('Rossini'),
    ('Ada Lovelace'),
    ('Karl Marx'),
    ('Charles Darwin'),
    ('Louis Pasteur'),
    ('Nietzsche'),
    ('Oscar Wilde'),
    ('Pierre de Coubertin'),
    ('Mark Twain'),
    ('Marie Curie'),
    ('John Maynard Keynes'),
    ('Pablo Picasso'),
    ('Salvador Dali'),
    ('Pablo Neruda'),
    ('Winston Churchill'),
    ('Charles de Gaulle'),
    ('Alan Turing'),
    ('Richard Feynman'),
    ('Rosalind Franklin'),
    ('Dennis Ritchie'),
    ('Mohamed Ali'),
    ('Usain Bolt'),
    ('Yann');

INSERT INTO MondePersonnage VALUES
    ('Yann', 'PhCh'),
    ('Blaise Pascal', 'Maths'),
    ('Alan Turing', 'Maths'),
    ('Carl Friedrich Gauss', 'Maths'),
    ('Richard Feynman', 'PhCh'),
    ('Marie Curie', 'PhCh'),
    ('Ada Lovelace', 'NSI'),
    ('Alan Turing', 'NSI'),
    ('Dennis Ritchie', 'NSI'),
    ('Charles Darwin', 'SVT'),
    ('Karl Marx', 'SES'),
    ('Moliere', 'Francais'),
    ('Diogene', 'Philo'),
    ('Karl Marx', 'Philo'),
    ('Ciceron', 'Philo'),
    ('Socrate', 'Philo'),
    ('Ciceron', 'LCA'),
    ('Socrate', 'LCA'),
    ('Diogene', 'LCA'),
    ('Goethe', 'Allemand'),
    ('Karl Marx', 'Allemand'),
    ('Ludwig van Beethoven', 'Musique'),
    ('Goethe', 'Francais'),
    ('Leonard de Vinci', 'Arts'),
    ('Napoleon Bonaparte', 'HGEMC'),
    ('Mohamed Ali', 'EPS'),
    ('Usain Bolt', 'EPS'),
    ('William Shakespeare', 'Anglais'),
    ('Miguel de Cervantes', 'Espagnol'),
    ('Isaac Newton', 'PhCh'),
    ('Jules Cesar', 'LCA'),
    ('Louis Pasteur', 'SVT'),
    ('Rosalind Franklin', 'SVT'),
    ('John Maynard Keynes', 'SES'),
    ('Adam Smith', 'SES'),
    ('Voltaire', 'Francais'),
    ('Rabelais', 'Francais'),
    ('Nietzsche', 'Philo'),
    ('Seneque', 'LCA'),
    ('Seneque', 'Philo'),
    ('Ovide', 'LCA'),
    ('Salvador Dali', 'Espagnol'),
    ('Salvador Dali', 'Arts'),
    ('Pablo Neruda', 'Espagnol'),
    ('Mozart', 'Musique'),
    ('Rossini', 'Musique'),
    ('Pablo Picasso', 'Arts'),
    ('Winston Churchill', 'HGEMC'),
    ('Charles de Gaulle', 'HGEMC'),
    ('Pierre de Coubertin', 'EPS'),
    ('Oscar Wilde', 'Anglais'),
    ('Mark Twain', 'Anglais');

INSERT INTO StatistiquePersonnage VALUES
    ('Yann', 'vie', 'maximum', 1000),
    ('Yann', 'vie', 'division', 4),
    ('Yann', 'vie', 'regeneration', 5),
    ('Yann', 'puissance_physique', 'maximum', 1000),
    ('Yann', 'vitesse_physique', 'maximum', 1000),
    ('Yann', 'vitesse_deplacement', 'maximum', 1000);

INSERT INTO ArmePersonnage VALUES
    ('Yann', 'Molotov'),
    ('Marie Curie', 'Chimie'),
    ('Jules Cesar', 'Lance'),
    ('Louis Pasteur', 'Chimie'),
    ('Mohamed Ali', 'Poing'),
    ('Usain Bolt', 'Pied');

INSERT INTO Interaction VALUES
    ('Maths', 'PhCh', 1.5),
    ('Maths', 'SES', 1.5),
    ('Maths', 'Francais', 1.5),
    ('Maths', 'LCA', .67),
    ('PhCh', 'NSI', .67),
    ('PhCh', 'SVT', 1.5),
    ('PhCh', 'LCA', .67),
    ('NSI', 'PhCh', 1.5),
    ('NSI', 'SVT', .67),
    ('NSI', 'LCA', 1.5),
    ('NSI', 'EPS', .67),
    ('NSI', 'Anglais', 1.5),
    ('SVT', 'PhCh', .67),
    ('SVT', 'NSI', 1.5),
    ('SVT', 'LCA', 1.5),
    ('SVT', 'HGEMC', .67),
    ('SVT', 'EPS', 1.5),
    ('Francais', 'Maths', 1.5),
    ('Francais', 'Francais', .67),
    ('Francais', 'Philo', 1.5),
    ('Francais', 'LCA', .67),
    ('Philo', 'Maths', .67),
    ('Philo', 'PhCh', 1.5),
    ('Philo', 'Francais', 1.5),
    ('Philo', 'Philo', 1.5),
    ('Philo', 'LCA', .67),
    ('LCA', 'PhCh', 1.5),
    ('LCA', 'HGEMC', 1.5),
    ('Allemand', 'PhCh', 1.5),
    ('Allemand', 'Philo', 1.5),
    ('Allemand', 'LCA', .67),
    ('Allemand', 'Allemand', .67),
    ('Allemand', 'Espagnol', 1.5),
    ('Allemand', 'HGEMC', 1.5),
    ('Espagnol', 'Allemand', 1.5),
    ('Espagnol', 'Espagnol', .67),
    ('Musique', 'Maths', .67),
    ('Musique', 'PhCh', .67),
    ('Musique', 'SVT', .67),
    ('Musique', 'Musique', 1.5),
    ('Musique', 'Arts', .5),
    ('Arts', 'Maths', .67),
    ('Arts', 'Musique', .67),
    ('Arts', 'Arts', 1.5),
    ('HGEMC', 'SVT', .67),
    ('HGEMC', 'SES', 1.5),
    ('HGEMC', 'LCA', 1.5),
    ('EPS', 'PhCh', .67),
    ('EPS', 'NSI', 1.5),
    ('Anglais', 'Allemand', 1.5),
    ('Anglais', 'Espagnol', 1.5);

INSERT INTO Enchantement (id, nom_trad, lien_fichier, prix) VALUES
    (1, 'criticalhit', '1', 2),
    (2, 'Vampire', '2', 7),
    (3, 'poison', '3', 3), -- pas fais à partir d'ici
    (4, 'notype', '4', 2),
    (5, 'doublegold', '5', 15),
    (6, 'antistun', '6', 11),
    (7, '', 'empty', 1),
    (8, '', 'empty', 1),
    (9, '', 'empty', 1),
    (10, '', 'empty', 1),
    (11, '', 'empty', 1),
    (12, '', 'empty', 1),
    (13, '', 'empty', 1),
    (14, '', 'empty', 1),
    (15, '', 'empty', 1),
    (16, '', 'empty', 1),
    (17, '', 'empty', 1),
    (18, '', 'empty', 1);
    
    